都道府県コード又は市区町村コード,NO,地方公共団体名,名称,名称_カナ,名称_通称,POIコード,住所,方書,緯度,経度,電話番号,内線番号,法人番号,団体名,利用可能曜日,開始時間,終了時間,利用可能日時特記事項,説明,バリアフリー情報,URL,備考,所管課
032018,0000000002,岩手県盛岡市,盛岡市役所青山支所,モリオカシヤクショアオヤマシショ,,,岩手県盛岡市青山3-37-3,,39.728080999999989,141.11071699999997,019-647-2211,,,,月火水木金,,,,,,http://www.city.morioka.iwate.jp/shisetsu/shikanren/shiyakusho/1006769.html,H31.3.25～,市民登録課
032018,0000000003,岩手県盛岡市,盛岡市役所簗川支所,モリオカシヤクショヤナガワシショ,,,岩手県盛岡市川目10-78-1,,39.671958000000117,141.19797299999996,019-622-3626,,,,月火水木金,,,,,,http://www.city.morioka.iwate.jp/shisetsu/shikanren/shiyakusho/1006770.html,,市民登録課
032018,0000000004,岩手県盛岡市,盛岡市役所太田支所,モリオカシヤクショオオタシショ,,,岩手県盛岡市中太田深持9,,39.693191299999995,141.10067779999997,019-659-0211,,,,月火水木金,,,,,,http://www.city.morioka.iwate.jp/shisetsu/shikanren/shiyakusho/1006771.html,,市民登録課
032018,0000000006,岩手県盛岡市,巻堀出張所,マキボリシュッチョウジョ,,,岩手県盛岡市好摩字野中69-48,,39.877136000000071,141.16706899999994,019-682-0310,,,,月火水木金,,,,,,http://www.city.morioka.iwate.jp/shisetsu/shikanren/shiyakusho/1006780.html,,税務住民課
032018,0000000007,岩手県盛岡市,玉山出張所,タマヤマシュッチョウジョ,,,岩手県盛岡市日戸字鷹高50-16,,39.7943910000001,141.19341699999998,019-685-2111,,,,月火水木金,,,,,,http://www.city.morioka.iwate.jp/shisetsu/shikanren/shiyakusho/1006778.html,,税務住民課
032018,0000000008,岩手県盛岡市,薮川出張所,ヤブカワシュッチョウジョ,,,岩手県盛岡市薮川字外山27-7,,39.779751000000253,141.32075199999969,019-681-5111,,,,月火水木金,,,,,,http://www.city.morioka.iwate.jp/shisetsu/shikanren/shiyakusho/1006779.html,,税務住民課
032018,0000000009,岩手県盛岡市,飯岡出張所,イイオカシュッチョウジョ,,,岩手県盛岡市下飯岡8-100,,39.66672200000005,141.12370299999998,019-638-0117,,,,月火水木金,,,,,,http://www.city.morioka.iwate.jp/shisetsu/shikanren/shiyakusho/1006773.html,,都南総合支所
032018,0000000010,岩手県盛岡市,乙部出張所,オトベシュッチョウジョ,,,岩手県盛岡市乙部6-79-1,,39.616088000000033,141.19338899999994,019-696-2001,,,,月火水木金,,,,,,http://www.city.morioka.iwate.jp/shisetsu/shikanren/shiyakusho/1006774.html,,都南総合支所
032018,0000000011,岩手県盛岡市,プラザおでって,プラザオデッテ,,,岩手県盛岡市中ノ橋通1-1-10,,39.700299000000044,141.15475599999996,019-604-3300,,,,月火水木金土日,,,,,,http://odette.or.jp/plaza-odette/,,観光課
032018,0000000012,岩手県盛岡市,盛岡劇場,モリオカゲキジョウ,,,岩手県盛岡市松尾町3-1,,39.696366000000062,141.15816999999993,019-622-2258,,,,火水木金土日,,,,,,http://www.city.morioka.iwate.jp/shisetsu/bunka/hall/1006840.html,,文化国際課
032018,0000000013,岩手県盛岡市,都南文化会館,トナンブンカカイカン,,,岩手県盛岡市永井24-10-1,,39.65249400000004,141.15482999999992,019-637-6611,,,,火水木金土日,,,,,,http://www.city.morioka.iwate.jp/shisetsu/bunka/hall/1006841.html,,文化国際課
032018,0000000014,岩手県盛岡市,盛岡市民文化ホール,モリオカシミンブンカホール,,,岩手県盛岡市盛岡駅西通2-9-1,,39.701303,141.13351000000003,019-621-5100,,,,火水木金土日,,,,,,http://www.city.morioka.iwate.jp/shisetsu/bunka/hall/1006839.html,,文化国際課
032018,0000000015,岩手県盛岡市,渋民文化会館,シブタミブンカカイカン,,,岩手県盛岡市渋民字鶴塚55,,39.849317000000063,141.16948999999997,019-683-3526,,,,火水木金土日,,,,,,http://www.city.morioka.iwate.jp/shisetsu/bunka/hall/1006842.html,,文化国際課
032018,0000000016,岩手県盛岡市,青山地区活動センター体育館,アオヤマチクカツドウセンタータイイクカン,,,岩手県盛岡市月が丘1-26-1,,39.732001000000039,141.113003,019-641-5656,,,,月火水木金土日,,,,,,,,市民協働推進課
032018,0000000018,岩手県盛岡市,青山地区活動センター,アオヤマチクカツドウセンター,,,岩手県盛岡市青山3-37-7,,39.728071000000007,141.11084899999994,019-646-1593,,,,月火水木金土日,,,,,,http://www.city.morioka.iwate.jp/shisetsu/community/chiku/1007323.html,,市民協働推進課
032018,0000000019,岩手県盛岡市,加賀野地区活動センター,カガノチクカツドウセンター,,,岩手県盛岡市加賀野4-18-56,,39.709217216868481,141.16950811540286,019-623-0202,,,,月火水木金土日,,,,,,http://www.city.morioka.iwate.jp/shisetsu/community/chiku/1007327.html,,市民協働推進課
032018,0000000020,岩手県盛岡市,緑が丘地区活動センター,ミドリガオカチクカツドウセンター,,,岩手県盛岡市黒石野2-14-1,,39.742268000000017,141.14581500000003,019-662-5204,,,,月火水木金土日,,,,,,http://www.city.morioka.iwate.jp/shisetsu/community/chiku/1007333.html,,市民協働推進課
032018,0000000021,岩手県盛岡市,厨川地区活動センター,クリヤガワチクカツドウセンター,,,岩手県盛岡市前九年3-7-1,,39.717158000000012,141.12091999999998,019-647-1982,,,,月火水木金土日,,,,,,http://www.city.morioka.iwate.jp/shisetsu/community/chiku/1007325.html,,市民協働推進課
032018,0000000022,岩手県盛岡市,仙北地区活動センター,センボクチクカツドウセンター,,,岩手県盛岡市仙北2-4-13,,39.686047000000052,141.14959600000003,019-635-9356,,,,月火水木金土日,,,,,,http://www.city.morioka.iwate.jp/shisetsu/community/chiku/1007324.html,,市民協働推進課
032018,0000000023,岩手県盛岡市,松園地区活動センター,マツゾノチクカツドウセンター,,,岩手県盛岡市西松園2-18-1,,39.753954000000064,141.16216099999994,019-661-8231,,,,月火水木金土日,,,,,,http://www.city.morioka.iwate.jp/shisetsu/community/chiku/1007326.html,,市民協働推進課
032018,0000000024,岩手県盛岡市,みたけ地区活動センター,ミタケチクカツドウセンター,,,岩手県盛岡市みたけ4-10-52,,39.742748,141.12108299999994,019-641-7817,,,,月火水木金土日,,,,,,http://www.city.morioka.iwate.jp/shisetsu/community/chiku/1007329.html,,市民協働推進課
032018,0000000025,岩手県盛岡市,山岸地区活動センター,ヤマギシチクカツドウセンター,,,岩手県盛岡市山岸4-11-13,,39.720574000000077,141.17108399999995,019-663-2505,,,,月火水木金土日,,,,,,http://www.city.morioka.iwate.jp/shisetsu/community/chiku/1007334.html,,市民協働推進課
032018,0000000026,岩手県盛岡市,中野地区活動センター,ナカノチクカツドウセンター,,,岩手県盛岡市東安庭字小森57-1,,39.680767000000074,141.16855999999999,019-652-3288,,,,月火水木金土日,,,,,,http://www.city.morioka.iwate.jp/shisetsu/community/chiku/1007328.html,,市民協働推進課
032018,0000000027,岩手県盛岡市,本宮地区活動センター,モトミヤチクカツドウセンター,,,岩手県盛岡市本宮4-38-26,,39.687629000000037,141.129693,019-636-3546,,,,月火水木金土日,,,,,,http://www.city.morioka.iwate.jp/shisetsu/community/chiku/1007335.html,,市民協働推進課
032018,0000000028,岩手県盛岡市,太田地区活動センター,オオタチクカツドウセンター,,,岩手県盛岡市中太田深持9,,39.693244,141.10083699999996,019-658-1330,,,,月火水木金土日,,,,,,http://www.city.morioka.iwate.jp/shisetsu/community/chiku/1007330.html,,市民協働推進課
032018,0000000030,岩手県盛岡市,土淵地区活動センター,ツチブチチクカツドウセンター,,,岩手県盛岡市前潟4-4-30,,39.710216000000031,141.09707199999994,019-645-1630,,,,月火水木金土日,,,,,,http://www.city.morioka.iwate.jp/shisetsu/community/chiku/1007331.html,,市民協働推進課
032018,0000000031,岩手県盛岡市,湯沢地域交流活性化センター,ユザワチイキコウリュウカッセイカセンター,,,岩手県盛岡市湯沢西3-4-14,,39.639365999999995,141.09490999999997,019-689-2510,,,,月火水木金土日,,,,,,http://www.city.morioka.iwate.jp/shisetsu/community/chiku/1007337.html,H26.4供用開始,市民協働推進課
032018,0000000032,岩手県盛岡市,仁王地区活動センター,ニオウチクカツドウセンター,,,岩手県盛岡市三ツ割字下更ノ沢26-4,,39.727127000000074,141.15763599999994,019-661-4151,,,,月火水木金土日,,,,,,http://www.city.morioka.iwate.jp/shisetsu/community/chiku/1007336.html,H27.4供用開始,市民協働推進課
032018,0000000033,岩手県盛岡市,永井地域交流活性化センター,ナガイチイキコウリュウカッセイカセンター,,,岩手県盛岡市永井23地割14番地１号,,39.6531330147853,141.15169010473892,019-637-0500,,,,月火水木金土日,,,,,,https://www.city.morioka.iwate.jp/shisetsu/shikanren/chiku/1030411.html,,市民協働推進課
032018,0000000033,岩手県盛岡市,女性センター,ジョセイセンター,,,岩手県盛岡市中ノ橋通1-1-10,,39.700336000000064,141.15479899999997,019-604-3303,,,,月火水木金土日,,,,,,http://mjc.sankaku-npo.jp/,,男女共同参画推進室
032018,0000000034,岩手県盛岡市,勤労福祉会館,キンロウフクシカイカン,,,岩手県盛岡市紺屋町2-9,,39.701680000000074,141.15608699999999,019-654-3480,,,,月火水木金土,,,,,,http://www.city.morioka.iwate.jp/shisetsu/sangyo/kinrosha/1006847.html,,経済企画課
032018,0000000035,岩手県盛岡市,サンライフ盛岡,サンライフモリオカ,,,岩手県盛岡市仙北2-4-12,,39.686068000000041,141.150085,019-635-9600,,,,月火水木金土,,,,,,http://www.city.morioka.iwate.jp/shisetsu/sangyo/kinrosha/1006849.html,,経済企画課
032018,0000000038,岩手県盛岡市,上米内地区振興センター,カミヨナイチクシンコウセンター,,,岩手県盛岡市上米内字中居74-1,,39.742814000000116,141.20173499999987,019-626-7540,,,,月火水木金土日,,,,,,http://www.city.morioka.iwate.jp/shisetsu/sangyo/seikatsu/1006861.html,,農政課
032018,0000000039,岩手県盛岡市,庄ケ畑地区振興センター,ショウガハタチクシンコウセンター,,,岩手県盛岡市上米内字道ノ下39-2,,39.754654000000073,141.1857599999999,019-626-7540,,,,月火水木金土日,,,,,,http://www.city.morioka.iwate.jp/shisetsu/sangyo/seikatsu/1006856.html,,農政課
032018,0000000040,岩手県盛岡市,銭掛地区振興センター,ゼニガケチクシンコウセンター,,,岩手県盛岡市新庄字銭掛23-4,,39.715429000000157,141.26540999999989,019-626-7540,,,,月火水木金土日,,,,,,http://www.city.morioka.iwate.jp/shisetsu/sangyo/seikatsu/1006859.html,,農政課
032018,0000000042,岩手県盛岡市,大葛地区振興センター,オオクズチクシンコウセンター,,,岩手県盛岡市浅岸字下大葛43-7,,39.711402000000106,141.2305649999999,019-626-7540,,,,月火水木金土日,,,,,,http://www.city.morioka.iwate.jp/shisetsu/sangyo/seikatsu/1006857.html,,農政課
032018,0000000043,岩手県盛岡市,簗川地区振興センター,ヤナガワチクシンコウセンター,,,岩手県盛岡市簗川5-33-1,,39.666075000000177,141.30033299999971,019-626-7540,,,,月火水木金土日,,,,,,http://www.city.morioka.iwate.jp/shisetsu/sangyo/seikatsu/1006860.html,,農政課
032018,0000000044,岩手県盛岡市,盛岡市飯岡農業構造改善センタ－,モリオカシイイオカノウギョウコウゾウカイゼンセンター,,,岩手県盛岡市下飯岡8-100,,39.666948000000041,141.12375599999996,019-637-6383,,,,火水木金土日,,,,,,http://www.city.morioka.iwate.jp/shisetsu/sangyo/seikatsu/1006870.html,,農政課
032018,0000000045,岩手県盛岡市,盛岡市乙部農業構造改善センター,モリオカシオトベノウギョウコウゾウカイゼンセンター,,,岩手県盛岡市乙部6-77,,39.616270000000029,141.19360299999994,019-696-2663,,,,火水木金土日,,,,,,http://www.city.morioka.iwate.jp/shisetsu/sangyo/seikatsu/1006869.html,,農政課
032018,0000000046,岩手県盛岡市,盛岡市砂子沢生活改善センター,モリオカシイサゴザワセイカツカイゼンセンター,,,岩手県盛岡市砂子沢10-65,,39.602094739532049,141.32045758881247,019-626-7540,,,,月火水木金土日,,,,,,https://www.city.morioka.iwate.jp/shisetsu/sangyo/seikatsu/1006853.html,,農政課
032018,0000000047,岩手県盛岡市,盛岡市川目生活改善センター,モリオカシカワメセイカツカイゼンセンター,,,岩手県盛岡市川目10-1-1,,39.672315000000069,141.19709299999991,019-626-7540,,,,月火水木金土日,,,,,,http://www.city.morioka.iwate.jp/shisetsu/sangyo/seikatsu/1006852.html,,農政課
032018,0000000048,岩手県盛岡市,松内地区コミュニティセンター,マツナイチクコミュニティセンター,,,岩手県盛岡市松内字松内36-33,,39.886949000000065,141.156732,019-683-2116,,,,月火水木金土日,,,,,,,,玉山総務課
032018,0000000049,岩手県盛岡市,大台地区コミュニティセンター,オオダイチクコミュニティセンター,,,岩手県盛岡市好摩字新田155-19,,39.891127000000075,141.16564099999994,019-683-2116,,,,月火水木金土日,,,,,,,,玉山総務課
032018,0000000050,岩手県盛岡市,好摩東地区コミュニティセンター,コウマヒガシチクコミュニティセンター,,,岩手県盛岡市好摩字上山3-38,,39.87592300000005,141.17615399999994,019-683-2116,,,,月火水木金土日,,,,,,,,玉山総務課
032018,0000000051,岩手県盛岡市,好摩地区コミュニティセンター,コウマチクコミュニティセンター,,,岩手県盛岡市好摩字野中67-10,,39.87590100000002,141.168121,019-683-2116,,,,月火水木金土日,,,,,,,,玉山総務課
032018,0000000052,岩手県盛岡市,小袋地区コミュニティセンター,コブクロチクコミュニティセンター,,,岩手県盛岡市好摩字夏間木70-31,,39.874082000000023,141.16326699999996,019-683-2116,,,,月火水木金土日,,,,,,,,玉山総務課
032018,0000000053,岩手県盛岡市,永井地区コミュニティセンター,ナガイチクコミュニティセンター,,,岩手県盛岡市玉山永井字永井沢117-1,,39.907556000000078,141.18839599999993,019-683-2116,,,,月火水木金土日,,,,,,,,玉山総務課
032018,0000000054,岩手県盛岡市,巻堀地区コミュニティセンター,マキボリチクコミュニティセンター,,,岩手県盛岡市巻堀字巻堀33-2,,39.893099000000042,141.19490499999989,019-683-2116,,,,月火水木金土日,,,,,,,,玉山総務課
032018,0000000055,岩手県盛岡市,馬場状小屋地区コミュニティセンター,ババジョウゴヤチクコミュニティセンター,,,岩手県盛岡市玉山馬場字状小屋3-3,,39.88203400000004,141.19102399999997,019-683-2116,,,,月火水木金土日,,,,,,,,玉山総務課
032018,0000000056,岩手県盛岡市,芋田地区コミュニティセンター,イモダチクコミュニティセンター,,,岩手県盛岡市芋田字下芋田109-2,,39.86635700000005,141.17704,019-683-2116,,,,月火水木金土日,,,,,,,,玉山総務課
032018,0000000057,岩手県盛岡市,渋民地区コミュニティセンター,シブタミチクコミュニティセンター,,,岩手県盛岡市渋民字小前田321,,39.843083000000078,141.16577399999997,019-683-2116,,,,月火水木金土日,,,,,,,,玉山総務課
032018,0000000058,岩手県盛岡市,下田川崎地区コミュニティセンター,シモダカワサキチクコミュニティセンター,,,岩手県盛岡市下田字上下田89-3,,39.852603000000073,141.15924800000002,019-683-2116,,,,月火水木金土日,,,,,,,,玉山総務課
032018,0000000059,岩手県盛岡市,生出３地区コミュニティセンター,オイデサンチクコミュニティセンター,,,岩手県盛岡市下田字生出1038-10,,39.869017000000028,141.11379300000002,019-683-2116,,,,月火水木金土日,,,,,,,,玉山総務課
032018,0000000060,岩手県盛岡市,山田地区コミュニティセンター,ヤマダチクコミュニティセンター,,,岩手県盛岡市下田字頭無15-12,,39.84903500000005,141.14979100000002,019-683-2116,,,,月火水木金土日,,,,,,,,玉山総務課
032018,0000000061,岩手県盛岡市,舟田２地区コミュニティセンター,フナダニチクコミュニティセンター,,,岩手県盛岡市下田字陣場54-432,,39.836626000000074,141.15285299999991,019-683-2116,,,,月火水木金土日,,,,,,,,玉山総務課
032018,0000000062,岩手県盛岡市,山谷川目地区コミュニティセンター,ヤマヤカワメチクコミュニティセンター,,,岩手県盛岡市玉山字糠森73,,39.810513000000107,141.21672399999997,019-683-2116,,,,月火水木金土日,,,,,,,,玉山総務課
032018,0000000063,岩手県盛岡市,城内地区コミュニティセンター,ジョウナイチクコミュニティセンター,,,岩手県盛岡市玉山字城内37,,39.816660000000077,141.20480199999994,019-683-2116,,,,月火水木金土日,,,,,,,,玉山総務課
032018,0000000064,岩手県盛岡市,白沢地区コミュニティセンター,シラサワチクコミュニティセンター,,,岩手県盛岡市玉山字宮前84-5,,39.8155500000001,141.18718299999992,019-683-2116,,,,月火水木金土日,,,,,,,,玉山総務課
032018,0000000065,岩手県盛岡市,日戸地区コミュニティセンター,ヒノトチクコミュニティセンター,,,岩手県盛岡市日戸字古屋敷68-2,,39.798883000000068,141.21577499999992,019-683-2116,,,,月火水木金土日,,,,,,,,玉山総務課
032018,0000000066,岩手県盛岡市,川又地区コミュニティセンター,カワマタチクコミュニティセンター,,,岩手県盛岡市川又字赤坂12-173,,39.784778000000088,141.18255499999998,019-683-2116,,,,月火水木金土日,,,,,,,,玉山総務課
032018,0000000067,岩手県盛岡市,芋田向地区介護予防センター,イモダムカイチクカイゴヨボウセンター,,,岩手県盛岡市好摩字上山1-46,,39.867911000000021,141.16961599999993,019-683-3869,,,,月火水木金土日,,,,,,http://www.city.morioka.iwate.jp/shisetsu/fukushi/kourei/1006962.html,,玉山総務課
032018,0000000068,岩手県盛岡市,舟田地区介護予防センター,フナタチクカイゴヨボウセンター,,,岩手県盛岡市下田字牡丹野59-14,,39.837310000000059,141.16007799999994,019-683-3869,,,,月火水木金土日,,,,,,http://www.city.morioka.iwate.jp/shisetsu/fukushi/kourei/1006963.html,,玉山総務課
032018,0000000070,岩手県盛岡市,姫神地区振興センター,ヒメカミチクシンコウセンター,,,岩手県盛岡市玉山馬場字葛巻104-1,,39.893040000000148,141.25597999999979,,,,,月火水木金土日,,,,,,,,産業振興課
032018,0000000071,岩手県盛岡市,渋民勤労者研修センター,シブタミキンロウシャケンシュウセンター,,,岩手県盛岡市渋民字渋民13,,39.846662000000016,141.17071099999995,,,,,月火水木金土日,,,,,,,,産業振興課
032018,0000000072,岩手県盛岡市,農民研修センター,ノウミンケンシュウセンター,,,岩手県盛岡市下田字仲平59-124,,39.859093000000037,141.12686199999996,,,,,月火水木金土日,,,,,,,,産業振興課
032018,0000000074,岩手県盛岡市,町村活性化センター,マチムラカッセイカセンター,町村ふれあいセンター,,岩手県盛岡市薮川字町村75-1,,39.847653000000626,141.45569699999893,,,,,月火水木金土日,,,,,,https://www.city.morioka.iwate.jp/shisetsu/sangyo/seikatsu/1006865.html,,産業振興課
032018,0000000075,岩手県盛岡市,岩洞生活改善センター,ガンドウセイカツカイゼンセンター,,,岩手県盛岡市薮川字外山35-44,,39.825024000000354,141.37718199999941,,,,,月火水木金土日,,,,,,https://www.city.morioka.iwate.jp/shisetsu/sangyo/seikatsu/1006854.html,,産業振興課
032018,0000000076,岩手県盛岡市,岩洞活性化センター,ガンドウカッセイカセンター,,,岩手県盛岡市薮川字外山35-45,,39.828034000000315,141.36318899999949,019-681-5141,,,,月火水木金土日,,,,,,https://www.city.morioka.iwate.jp/kankou/taiken/1000898.html,,産業振興課
032018,0000000077,岩手県盛岡市,盛岡市中央公民館,モリオカシチュウオウコウミンカン,,,岩手県盛岡市愛宕町14-1,,39.710650000000093,141.16215899999997,019-654-5366,,,,火水木金土日,,,,,,https://www.city.morioka.iwate.jp/kurashi/shiminkatsudo/kominkan/chuo/index.html,,生涯学習課
032018,0000000078,岩手県盛岡市,盛岡市上田公民館,モリオカシウエダコウミンカン,,,岩手県盛岡市上田4-1-1,,39.720393000000023,141.13806900000003,019-654-2333,,,,火水木金土日,,,,,,https://www.city.morioka.iwate.jp/kurashi/shiminkatsudo/kominkan/ueda/index.html,,生涯学習課
032018,0000000079,岩手県盛岡市,盛岡市河南公民館,モリオカシカナンコウミンカン,,,岩手県盛岡市松尾町3-1,,39.696222000000063,141.158481,019-622-2258,,,,火水木金土日,,,,,,http://www.mfca.jp/morigeki/,,生涯学習課
032018,0000000080,岩手県盛岡市,盛岡市都南公民館,モリオカシトナンコウミンカン,,,岩手県盛岡市永井24-10-1,,39.652448000000064,141.15484800000002,019-637-6611,,,,火水木金土日,,,,,,http://www.mfca.jp/kyarahall/,,生涯学習課
032018,0000000081,岩手県盛岡市,盛岡市西部公民館,モリオカシセイブコウミンカン,,,岩手県盛岡市南青山町6-1,,39.718429000000071,141.11596300000002,019-643-2288,,,,火水木金土日,,,,,,http://www.city.morioka.iwate.jp/kurashi/shiminkatsudo/kominkan/seibu/index.html,,生涯学習課
032018,0000000082,岩手県盛岡市,盛岡市渋民公民館,モリオカシシブタミコウミンカン,,,岩手県盛岡市渋民字鶴塚55,,39.848997000000089,141.16949699999995,019-683-2354,,,,火水木金土日,,,,,,http://www.mfca.jp/himekami/,,生涯学習課
032018,0000000083,岩手県盛岡市,盛岡市松園地区公民館,モリオカシマツゾノチクコウミンカン,,,岩手県盛岡市東松園2-5-3,,39.756008000000058,141.16421299999996,019-661-8111,,,,月火水木金土日,,,,,,https://www.city.morioka.iwate.jp/kurashi/shiminkatsudo/kominkan/matsuzono/index.html,,生涯学習課
032018,0000000084,岩手県盛岡市,盛岡市見前地区公民館,モリオカシミルマエチクコウミンカン,,,岩手県盛岡市津志田中央2-9-1,,39.661768000000038,141.15646700000002,019-639-1788,,,,月火水木金土日,,,,,,https://www.city.morioka.iwate.jp/kurashi/shiminkatsudo/kominkan/mirumae/index.html,,生涯学習課
032018,0000000085,岩手県盛岡市,盛岡市飯岡地区公民館,モリオカシイイオカチクコウミンカン,,,岩手県盛岡市下飯岡8-100,,39.666680000000028,141.12364699999995,019-637-2270,,,,月火水木金土日,,,,,,https://www.city.morioka.iwate.jp/kurashi/shiminkatsudo/kominkan/iioka/index.html,,生涯学習課
032018,0000000086,岩手県盛岡市,盛岡市乙部地区公民館,モリオカシオトベチクコウミンカン,,,岩手県盛岡市乙部6-79-1,,39.616081000000079,141.19345199999989,019-696-2081,,,,月火水木金土日,,,,,,https://www.city.morioka.iwate.jp/kurashi/shiminkatsudo/kominkan/otobe/index.html,,生涯学習課
032018,0000000087,岩手県盛岡市,盛岡市見前南地区公民館,モリオカシミルマエミナミチクコウミンカン,,,岩手県盛岡市西見前13-50,,39.641292000000078,141.16373199999998,019-601-6735,,,,月火水木金土日,,,,,,https://www.city.morioka.iwate.jp/kosodate/kyoiku/kyoikushisetsu/1002738/1019726.html,,生涯学習課
032018,0000000088,岩手県盛岡市,盛岡市好摩地区公民館,モリオカシコウマチクコウミンカン,,,岩手県盛岡市好摩字野中69-48,,39.877167000000028,141.16708599999998,019-682-0055,,,,火水木金土日,,,,,,https://www.city.morioka.iwate.jp/kurashi/shiminkatsudo/kominkan/koma/index.html,,生涯学習課
032018,0000000089,岩手県盛岡市,盛岡市玉山地区公民館,モリオカシタマヤマチクコウミンカン,,,岩手県盛岡市日戸字鷹高50-16,,39.794348000000035,141.1934399999999,019-685-2111,,,,火水木金土日,,,,,,https://www.city.morioka.iwate.jp/kurashi/shiminkatsudo/kominkan/tamayama/index.html,,生涯学習課
032018,0000000090,岩手県盛岡市,盛岡市薮川地区公民館,モリオカシヤブカワチクコウミンカン,,,岩手県盛岡市薮川字外山27-7,,39.779755000000236,141.32075199999969,019-681-5111,,,,火水木金土日,,,,,,https://www.city.morioka.iwate.jp/kurashi/shiminkatsudo/kominkan/yabukawa/index.html,,生涯学習課
032018,0000000092,岩手県盛岡市,青山老人福祉センター,アオヤマロウジンフクシセンター,,,岩手県盛岡市青山3-37-7,,39.728187000000034,141.11063999999996,019-646-1593,,,,月火水木金土日,,,,,,http://www.city.morioka.iwate.jp/shisetsu/fukushi/roujin/1006926.html,H31.4～,長寿社会課
032018,0000000093,岩手県盛岡市,上田老人福祉センター,ウエダロウジンフクシセンター,,,岩手県盛岡市上田4-5-18,,39.721297000000064,141.13487499999991,019-623-0092,,,,月火水木金土日,,,,,,http://www.city.morioka.iwate.jp/shisetsu/fukushi/roujin/1006937.html,,長寿社会課
032018,0000000094,岩手県盛岡市,桜城老人福祉センター,サクラギロウジンフクシセンター,,,岩手県盛岡市大通3-8-18,,39.703906000000032,141.14039900000003,019-653-6211,,,,月火水木金土日,,,,,,http://www.city.morioka.iwate.jp/shisetsu/fukushi/roujin/1006933.html,,長寿社会課
032018,0000000095,岩手県盛岡市,加賀野老人福祉センター,カガノロウジンフクシセンター,,,岩手県盛岡市加賀野4-18-56,,39.709213000000055,141.16958299999996,019-623-0407,,,,月火水木金土日,,,,,,http://www.city.morioka.iwate.jp/shisetsu/fukushi/roujin/1006941.html,,長寿社会課
032018,0000000096,岩手県盛岡市,上堂老人福祉センター,カミドウロウジンフクシセンター,,,岩手県盛岡市上堂3-17-10,,39.728659000000079,141.12712099999993,019-643-0330,,,,月火水木金土日,,,,,,http://www.city.morioka.iwate.jp/shisetsu/fukushi/roujin/1006947.html,,長寿社会課
032018,0000000097,岩手県盛岡市,西厨川老人福祉センター,ニシクリヤガワロウジンフクシセンター,,,岩手県盛岡市北天昌寺町7-27,,39.712421000000063,141.11748699999993,019-647-2446,,,,月火水木金土日,,,,,,http://www.city.morioka.iwate.jp/shisetsu/fukushi/roujin/1006943.html,,長寿社会課
032018,0000000098,岩手県盛岡市,北松園老人福祉センタ－,キタマツゾノロウジンフクシセンター,,,岩手県盛岡市北松園4-1-4,,39.760153000000017,141.17472499999994,019-661-6657,,,,月火水木金土日,,,,,,http://www.city.morioka.iwate.jp/shisetsu/fukushi/roujin/1006946.html,,長寿社会課
032018,0000000099,岩手県盛岡市,北厨川老人福祉センター,キタクリヤガワロウジンフクシセンター,,,岩手県盛岡市厨川1-14-1,,39.745539000000065,141.131294,019-641-3733,,,,月火水木金土日,,,,,,http://www.city.morioka.iwate.jp/shisetsu/fukushi/roujin/1006929.html,,長寿社会課
032018,0000000100,岩手県盛岡市,上米内老人福祉センタ－,カミヨナイロウジンフクシセンター,,,岩手県盛岡市桜台2-18-5,,39.749191000000074,141.19665299999988,019-667-1271,,,,月火水木金土日,,,,,,http://www.city.morioka.iwate.jp/shisetsu/fukushi/roujin/1006945.html,,長寿社会課
032018,0000000101,岩手県盛岡市,山王老人福祉センター,サンノウロウジンフクシセンター,,,岩手県盛岡市山王町10-25,,39.7002080000001,141.16502999999992,019-654-6269,,,,月火水木金土日,,,,,,http://www.city.morioka.iwate.jp/shisetsu/fukushi/roujin/1006932.html,,長寿社会課
032018,0000000102,岩手県盛岡市,山岸老人福祉センター,ヤマギシロウジンフクシセンター,,,岩手県盛岡市下米内1-3-18,,39.715762000000062,141.17425399999991,019-625-3601,,,,月火水木金土日,,,,,,http://www.city.morioka.iwate.jp/shisetsu/fukushi/roujin/1006936.html,,長寿社会課
032018,0000000103,岩手県盛岡市,厨川老人福祉センター,クリヤガワロウジンフクシセンター,,,岩手県盛岡市前九年3-7-1,,39.716883,141.12112,019-647-1982,,,,月火水木金土日,,,,,,http://www.city.morioka.iwate.jp/shisetsu/fukushi/roujin/1006935.html,,長寿社会課
032018,0000000104,岩手県盛岡市,高松老人憩いの家,タカマツロウジンイコイノイエ,,,岩手県盛岡市高松3-8-53,,39.728365000000082,141.141969,019-661-3215,,,,月火水木金土日,,,,,,http://www.city.morioka.iwate.jp/shisetsu/fukushi/roujin/1006952.html,,長寿社会課
032018,0000000105,岩手県盛岡市,大慈寺老人福祉センター,ダイジジロウジンフクシセンター,,,岩手県盛岡市茶畑2-16-20,,39.691299000000015,141.16047799999993,019-623-0218,,,,月火水木金土日,,,,,,http://www.city.morioka.iwate.jp/shisetsu/fukushi/roujin/1006938.html,,長寿社会課
032018,0000000106,岩手県盛岡市,仁王老人福祉センター,ニオウロウジンフクシセンター,,,岩手県盛岡市名須川町21-1,,39.710296000000064,141.14962100000002,019-654-6187,,,,月火水木金土日,,,,,,http://www.city.morioka.iwate.jp/shisetsu/fukushi/roujin/1006931.html,,長寿社会課
032018,0000000107,岩手県盛岡市,西青山老人憩いの家,ニシアオヤマロウジンイコイノイエ,,,岩手県盛岡市西青山3-6-30,,39.722309999999979,141.10227300000003,019-646-5403,,,,月火水木金土日,,,,,,http://www.city.morioka.iwate.jp/shisetsu/fukushi/roujin/1006951.html,,長寿社会課
032018,0000000108,岩手県盛岡市,松園老人福祉センター,マツゾノロウジンフクシセンター,,,岩手県盛岡市西松園2-18-1,,39.754296000000025,141.162047,019-661-9876,,,,月火水木金土日,,,,,,http://www.city.morioka.iwate.jp/shisetsu/fukushi/roujin/1006934.html,,長寿社会課
032018,0000000109,岩手県盛岡市,仙北老人福祉センター,センボクロウジンフクシセンター,,,岩手県盛岡市東仙北1-6-27,,39.686083000000082,141.15598199999994,019-635-1190,,,,月火水木金土日,,,,,,http://www.city.morioka.iwate.jp/shisetsu/fukushi/roujin/1006944.html,,長寿社会課
032018,0000000110,岩手県盛岡市,川目老人福祉センター,カワメロウジンフクシセンター,,,岩手県盛岡市東山1-15-1,,39.692126000000087,141.17634299999997,019-654-2193,,,,月火水木金土日,,,,,,http://www.city.morioka.iwate.jp/shisetsu/fukushi/roujin/1006928.html,,長寿社会課
032018,0000000111,岩手県盛岡市,緑が丘老人福祉センター,ミドリガオカロウジンフクシセンター,,,岩手県盛岡市緑が丘3-19-18,,39.737477000000091,141.14475900000002,019-661-8236,,,,月火水木金土日,,,,,,http://www.city.morioka.iwate.jp/shisetsu/fukushi/roujin/1006940.html,,長寿社会課
032018,0000000112,岩手県盛岡市,杜陵老人福祉センター,トリョウロウジンフクシセンター,,,岩手県盛岡市南大通1-7-5,,39.698307000000028,141.15558099999996,019-654-9155,,,,月火水木金土日,,,,,,http://www.city.morioka.iwate.jp/shisetsu/fukushi/roujin/1006942.html,,長寿社会課
032018,0000000113,岩手県盛岡市,山岸老人憩いの家,ヤマギシロウジンイコイノイエ,,,岩手県盛岡市山岸6-13-13,,39.728111000000077,141.17172699999992,019-663-6221,,,,月火水木金土日,,,,,,http://www.city.morioka.iwate.jp/shisetsu/fukushi/roujin/1006953.html,,長寿社会課
032018,0000000115,岩手県盛岡市,簗川老人福祉センター,ヤナガワロウジンフクシセンター,,,岩手県盛岡市川目10-78-1,,39.671978000000109,141.1977399999999,019-622-0742,,,,月火水木金土日,,,,,,http://www.city.morioka.iwate.jp/shisetsu/fukushi/roujin/1006923.html,,長寿社会課
032018,0000000116,岩手県盛岡市,本宮老人福祉センター,モトミヤロウジンフクシセンター,,,岩手県盛岡市本宮4-38-26,,39.687705000000058,141.12983599999998,019-635-4595,,,,月火水木金土日,,,,,,http://www.city.morioka.iwate.jp/shisetsu/fukushi/roujin/1006930.html,,長寿社会課
032018,0000000117,岩手県盛岡市,太田老人福祉センター,オオタロウジンフクシセンター,,,岩手県盛岡市中太田深持9番地,,39.693467986036396,141.10061003032482,019-658-1330,,,,火水木金土日,,,,,,http://www.city.morioka.iwate.jp/shisetsu/fukushi/roujin/1006925.html,,長寿社会課
032018,0000000119,岩手県盛岡市,下太田老人福祉センター,シモオオタロウジンフクシセンター,,,岩手県盛岡市下太田榊14-22,,39.696148000000008,141.117152,019-658-0681,,,,月火水木金土日,,,,,,http://www.city.morioka.iwate.jp/shisetsu/fukushi/roujin/1006939.html,,長寿社会課
032018,0000000121,岩手県盛岡市,世代交流センター,セダイコウリュウセンター,,,岩手県盛岡市西見前13-25-3,,39.641919000000037,141.16310699999994,019-639-0350,,,,月火水木金土日,,,,,,http://www.city.morioka.iwate.jp/shisetsu/fukushi/roujin/1006954.html,,長寿社会課
032018,0000000122,岩手県盛岡市,都南老人福祉センター,トナンロウジンフクシセンター,,,岩手県盛岡市下飯岡8地割100番,,39.6668801228406,141.12391365979673,019-638-1122,,,,火水木金土日,,,,,,http://www.city.morioka.iwate.jp/shisetsu/fukushi/roujin/1006927.html,,長寿社会課
032018,0000000123,岩手県盛岡市,乙部老人福祉センター,オトベロウジンフクシセンター,,,岩手県盛岡市乙部28-34-5,,39.607003000000041,141.20013399999991,019-696-1125,,,,月火水木金土日,,,,,,http://www.city.morioka.iwate.jp/shisetsu/fukushi/roujin/1006948.html,,長寿社会課
032018,0000000125,岩手県盛岡市,津志田老人福祉センター,ツシダロウジンフクシセンター,,,岩手県盛岡市津志田西2-16-90,,39.663319000000016,141.14858599999991,019-637-8221,,,,月火水木金土日,,,,,,http://www.city.morioka.iwate.jp/shisetsu/fukushi/roujin/1006949.html,,長寿社会課
032018,0000000128,岩手県盛岡市,しらたき工房,シラタキコウボウ,,,岩手県盛岡市川目15-1-6,,39.689858000000029,141.19536299999996,019-652-1120,,,,月火水木金土,,,,,,http://www.city.morioka.iwate.jp/shisetsu/fukushi/shogai/1006957.html,,障がい福祉課
032018,0000000140,岩手県盛岡市,高松地区保健センター,タカマツチクホケンセンター,,,岩手県盛岡市上田字毛無森2-11,,39.730527000000023,141.14521099999996,019-603-8301,,,,月火水木金,,,,,,http://www.city.morioka.iwate.jp/shisetsu/fukushi/hoken/1006967.html,,企画総務課
032018,0000000141,岩手県盛岡市,都南地区保健センター,トナンチクホケンセンター,,,岩手県盛岡市津志田14-37-2,,39.654731000000034,141.15767799999998,019-603-8301,,,,月火水木金,,,,,,http://www.city.morioka.iwate.jp/shisetsu/fukushi/hoken/1006966.html,,企画総務課
032018,0000000142,岩手県盛岡市,飯岡地区保健センター,イイオカチクホケンセンター,,,岩手県盛岡市下飯岡8-100,,39.666991000000046,141.12361699999997,019-603-8301,,,,月火水木金,,,,,,http://www.city.morioka.iwate.jp/shisetsu/fukushi/hoken/1006968.html,,企画総務課
032018,0000000143,岩手県盛岡市,夜間急患診療所,ヤカンキュウカンシンリョウジョ,,,岩手県盛岡市神明町3-29,,39.701687000000014,141.15831799999992,019-654-1080,,,,月火水木金土日,,,,,,http://www.city.morioka.iwate.jp/shisetsu/fukushi/iryo/1006970.html,,企画総務課
032018,0000000144,岩手県盛岡市,コミュニティ防災センター,モリオカシコミュニティボウサイセンター,,,岩手県盛岡市大沢川原三丁目3-5,,39.698904000000063,141.14280599999998,,,,,月火水木金土日,,,,,,http://www.city.morioka.iwate.jp/shisetsu/security/1017146/1017161.html,,消防対策室
032018,0000000145,岩手県盛岡市,簗川地区コミュニティ消防センター,ヤナガワチクコミュニティショウボウセンター,,,岩手県盛岡市川目町21-21,,39.681896000000108,141.18275399999987,,,,,月火水木金土日,,,,,,http://www.city.morioka.iwate.jp/shisetsu/security/1017146/1017162.html,,消防対策室
032018,0000000146,岩手県盛岡市,紺屋町地区コミュニティ消防センター,コンヤチョウチクコミュニティショウボウセンター,,,岩手県盛岡市紺屋町3-37,,39.702576000000029,141.156567,,,,,月火水木金土日,,,,,,http://www.city.morioka.iwate.jp/shisetsu/security/1017146/1017187.html,,消防対策室
032018,0000000147,岩手県盛岡市,杜陵地区コミュニティ消防センター,トリョウチクコミュニティショウボウセンター,,,岩手県盛岡市肴町9-31,,39.697451000000079,141.152931,,,,,月火水木金土日,,,,,,http://www.city.morioka.iwate.jp/shisetsu/security/1017146/1017185.html,,消防対策室
032018,0000000148,岩手県盛岡市,長田町地区コミュニティ消防センター,ナガタチョウチクコミュニティショウボウセンター,,,岩手県盛岡市長田町10-1,,39.707969000000062,141.14107800000002,,,,,月火水木金土日,,,,,,http://www.city.morioka.iwate.jp/shisetsu/security/1017146/1017174.html,,消防対策室
032018,0000000149,岩手県盛岡市,大慈寺地区コミュニティ消防センター,ダイジジチクコミュニティショウボウセンター,,,岩手県盛岡市鉈屋町10-7,,39.691883000000068,141.15798399999991,,,,,月火水木金土日,,,,,,http://www.city.morioka.iwate.jp/shisetsu/security/1017146/1017194.html,,消防対策室
032018,0000000150,岩手県盛岡市,八幡地区コミュニティ消防センター,ハチマンチクコミュニティショウボウセンター,,,岩手県盛岡市八幡町1-17,,39.697831000000065,141.15836699999997,,,,,月火水木金土日,,,,,,http://www.city.morioka.iwate.jp/shisetsu/security/1017146/1017186.html,,消防対策室
032018,0000000151,岩手県盛岡市,本町地区コミュニティ消防センター,ホンチョウチクコミュニティショウボウセンター,,,岩手県盛岡市本町通一丁目11-24,,39.707179000000082,141.15398699999997,,,,,月火水木金土日,,,,,,http://www.city.morioka.iwate.jp/shisetsu/security/1017146/1017177.html,,消防対策室
032018,0000000152,岩手県盛岡市,三ツ割地区コミュニティ消防センター,ミツワリチクコミュニティショウボウセンター,,,岩手県盛岡市三ツ割一丁目12-3,,39.717617000000011,141.15515800000003,,,,,月火水木金土日,,,,,,http://www.city.morioka.iwate.jp/shisetsu/security/1017146/1017181.html,,消防対策室
032018,0000000153,岩手県盛岡市,夕顔瀬地区コミュニティ消防センター,ユウガオセチクコミュニティショウボウセンター,,,岩手県盛岡市夕顔瀬町1-41,,39.707765999999985,141.13361499999993,,,,,月火水木金土日,,,,,,http://www.city.morioka.iwate.jp/shisetsu/security/1017146/1017176.html,,消防対策室
032018,0000000154,岩手県盛岡市,上米内地区コミュニティ消防センター,カミヨナイチクコミュニティショウボウセンター,,,岩手県盛岡市上米内字中居74-1,,39.7427610000001,141.20178099999993,,,,,月火水木金土日,,,,,,http://www.city.morioka.iwate.jp/shisetsu/security/1017146/1017173.html,,消防対策室
032018,0000000155,岩手県盛岡市,小貝沢地区コミュニティ消防センター,コガイザワチクコミュニティショウボウセンター,,,岩手県盛岡市新庄字小貝沢72-5,,39.70731400000016,141.27496499999987,,,,,月火水木金土日,,,,,,http://www.city.morioka.iwate.jp/shisetsu/security/1017146/1017192.html,,消防対策室
032018,0000000156,岩手県盛岡市,根田茂地区コミュニティ消防センター,ネダモチクコミュニティショウボウセンター,,,岩手県盛岡市根田茂5-19-4,,39.629231000000139,141.2959309999998,,,,,月火水木金土日,,,,,,http://www.city.morioka.iwate.jp/shisetsu/security/1017146/1017184.html,,消防対策室
032018,0000000157,岩手県盛岡市,小屋野地区コミュニティ消防センタ－,コヤノチクコミュニティショウボウセンター,,,岩手県盛岡市川目4-101-3,,39.67080100000009,141.23578199999992,,,,,月火水木金土日,,,,,,http://www.city.morioka.iwate.jp/shisetsu/security/1017146/1017180.html,,消防対策室
032018,0000000158,岩手県盛岡市,谷地上地区コミュニティ消防センター,ヤチカミチクコミュニティショウボウセンター,,,岩手県盛岡市土淵字北野94-1,,39.728345000000019,141.07309,,,,,月火水木金土日,,,,,,http://www.city.morioka.iwate.jp/shisetsu/security/1017146/1017178.html,,消防対策室
032018,0000000159,岩手県盛岡市,本宮地区コミュニティ消防センター,モトミヤチクコミュニティショウボウセンター,,,岩手県盛岡市本宮三丁目47-16,,39.688733000000042,141.12835699999997,,,,,月火水木金土日,,,,,,http://www.city.morioka.iwate.jp/shisetsu/security/1017146/1017165.html,,消防対策室
032018,0000000160,岩手県盛岡市,太田地区コミュニティ消防センター,オオタチクコミュニティショウボウセンター,,,岩手県盛岡市上太田八千刈53-6,,39.69466900000004,141.09597400000004,,,,,月火水木金土日,,,,,,http://www.city.morioka.iwate.jp/shisetsu/security/1017146/1017175.html,,消防対策室
032018,0000000161,岩手県盛岡市,太田第二地区コミュニティ消防センタ－,オオタチクダイ二コミュニティショウボウセンター,,,岩手県盛岡市下太田田端1-1,,39.692861000000043,141.11177999999998,,,,,月火水木金土日,,,,,,http://www.city.morioka.iwate.jp/shisetsu/security/1017146/1017179.html,,消防対策室
032018,0000000162,岩手県盛岡市,乙部地区コミュニティ消防センター,オトベチクコミュニティショウボウセンター,,,岩手県盛岡市乙部28-34-4,,39.6071200000001,141.19974399999992,,,,,月火水木金土日,,,,,,http://www.city.morioka.iwate.jp/shisetsu/security/1017146/1017183.html,,消防対策室
032018,0000000163,岩手県盛岡市,野田地区コミュニティ消防センター,ノダチクコミュニティショウボウセンター,,,岩手県盛岡市津志田西二丁目9-1,,39.665398000000032,141.14823199999992,,,,,月火水木金土日,,,,,,http://www.city.morioka.iwate.jp/shisetsu/security/1017146/1017182.html,,消防対策室
032018,0000000164,岩手県盛岡市,浅岸地区コミュニティ消防センター,アサギシチクコミュニティショウボウセンター,,,岩手県盛岡市浅岸一丁目11-30,,39.711759000000093,141.17564299999989,,,,,月火水木金土日,,,,,,http://www.city.morioka.iwate.jp/shisetsu/security/1017146/1017169.html,,消防対策室
032018,0000000165,岩手県盛岡市,第２７分団好摩地区コミュニティ消防センタ,コウマチクコミュニティショウボウセンター,,,岩手県好摩字野中69-113,,39.877300000000027,141.166631,,,,,月火水木金土日,,,,,,http://www.city.morioka.iwate.jp/shisetsu/security/1017146/1017189.html,,消防対策室
032018,0000000166,岩手県盛岡市,第２８分団馬場地区コミュニティ消防センタ,ババチクコミュニティショウボウセンター,,,岩手県盛岡市玉山馬場字川原16-8,,39.883224000000062,141.19064399999991,,,,,月火水木金土日,,,,,,http://www.city.morioka.iwate.jp/shisetsu/security/1017146/1017190.html,,消防対策室
032018,0000000167,岩手県盛岡市,釘の平コミュニティ消防センター,クギノタイラチクコミュニティショウボウセンター,,,岩手県盛岡市川又字道地58-3,,39.788903000000055,141.20346199999994,,,,,月火水木金土日,,,,,,http://www.city.morioka.iwate.jp/shisetsu/security/1017146/1017193.html,,消防対策室
032018,0000000168,岩手県盛岡市,山田地区コミュニティ消防センター,ヤマダチクコミュニティショウボウセンター,,,岩手県盛岡市下田字頭無15-36,,39.849473,141.15064500000003,,,,,月火水木金土日,,,,,,http://www.city.morioka.iwate.jp/shisetsu/security/1017146/1017188.html,,消防対策室
032018,0000000169,岩手県盛岡市,桑畑地区コミュニティ消防センター,クワハタチクコミュニティショウボウセンター,,,岩手県盛岡市巻堀字上桑畑3-7,,39.90504000000012,141.22547099999994,,,,,月火水木金土日,,,,,,http://www.city.morioka.iwate.jp/shisetsu/security/1017146/1017191.html,,消防対策室
032018,0000000170,岩手県盛岡市,飯岡地区コミュニティ消防センター,イイオカチクコミュニティショウボウセンター,,,岩手県盛岡市下飯岡14-256,,39.665341000000019,141.126731,,,,,月火水木金土日,,,,,,http://www.city.morioka.iwate.jp/shisetsu/security/1017146/1017195.html,,消防対策室
032018,0000000171,岩手県盛岡市,盛岡市産学官連携研究センター,モリオカシサンガクカンレンケイケンキュウセンター,コラボMIU,,岩手県盛岡市上田4-3-5,,39.719238999999973,141.13250099999991,019-622-8889,,,,月火水木金,,,,,,http://collabo-miu.com/,,ものづくり推進課
032018,0000000172,岩手県盛岡市,盛岡市産業支援センター,モリオカシサンギョウシエンセンター,,,岩手県盛岡市大通3-6-12,,39.702872000000006,141.14087,019-606-6700,,,,月火水木金,,,,,,https://www.moriokaisc.jp/,,ものづくり推進課
032018,0000000173,岩手県盛岡市,盛岡市新事業創出支援センター,モリオカシシンジギョウソウシュツシエンセンター,M-tec,,岩手県盛岡市北飯岡1-8-20,,39.678906000000005,141.12963600000003,019-656-0120,,,,月火水木金,,,,,,http://www.morioka-tec.com/,,ものづくり推進課
032018,0000000174,岩手県盛岡市,盛岡駅前自転車駐車場,モリオカエキマエジテンシャチュウシャジョウ,,,岩手県盛岡市盛岡駅前通11-11,,39.703084000000025,141.13891700000002,019-622-0972,,,,月火水木金土日,,,,,,http://www.city.morioka.iwate.jp/kurashi/douro_kotsu/cycle/1001852.html,,交通政策課
032018,0000000175,岩手県盛岡市,岩手公園地下駐車場,イワテコウエンチカチュウシャジョウ,,,岩手県盛岡市内丸1-55,,39.700546000000088,141.15331999999995,019-651-5019,,,,月火水木金土日,,,,,,http://moriokacityparking.com/,年末年始を除く,都市計画課
032018,0000000176,岩手県盛岡市,マリオス立体駐車場,マリオスリッタイチュウシャジョウ,,,岩手県盛岡市盛岡駅西通2-6-1,,39.700956000000019,141.13456399999995,019-621-5107,,,,月火水木金土日,,,,,,http://moriokacityparking.com/,年末年始を除く,都市計画課
032018,0000000177,岩手県盛岡市,盛岡山車資料館,モリオカダシシリョウカン,,,岩手県盛岡市八幡町13-1,,39.695274000000026,141.16194599999994,019-654-4895,,,,土日,,,,,,http://www.moriokadashi-akikaze.com/siryokan.htm,,観光課
032018,0000000178,岩手県盛岡市,盛岡てがみ館,モリオカテガミカン,,,岩手県盛岡市中ノ橋通1-1-10,,39.700079000000066,141.15472199999994,019-604-3302,,,,月火水木金土日,,,,,,http://www.city.morioka.iwate.jp/shisetsu/bunka/kinenkan/1006826.html,,歴史文化課
032018,0000000179,岩手県盛岡市,盛岡市子ども科学館,モリオカシコドモカガクカン,,,岩手県盛岡市本宮字蛇屋敷13-1,,39.694109000000019,141.12981999999994,019-634-1171,,,,火水木金土日,,,,,,http://www.city.morioka.iwate.jp/kosodate/kyoiku/kyoikushisetsu/1002763/1002764.html,,生涯学習課
032018,0000000180,岩手県盛岡市,志波城古代公園,シワジョウコダイコウエン,,,岩手県盛岡市上鹿妻五兵エ新田47-11,,39.683094999999987,141.104542,019-658-1710,,,,月火水木金土日,,,,,,http://www.city.morioka.iwate.jp/shisetsu/bunka/kinenkan/1006834.html,,歴史文化課
032018,0000000181,岩手県盛岡市,もりおか歴史文化館,モリオカレキシブンカカン,,,岩手県盛岡市内丸1-50,,39.701040000000084,141.15258699999995,019-681-2100,,,,月火水木金土日,,,,,,http://www.city.morioka.iwate.jp/shisetsu/bunka/kinenkan/1006829.html,,歴史文化課
032018,0000000182,岩手県盛岡市,原敬記念館,ハラケイキネンカン,,,岩手県盛岡市本宮4-38-25,,39.687491,141.12886499999996,019-636-1192,,,,火水木金土日,,,,,,http://www.city.morioka.iwate.jp/shisetsu/bunka/kinenkan/1006824.html,,歴史文化課
032018,0000000183,岩手県盛岡市,先人記念館,センジンキネンカン,,,岩手県盛岡市本宮字蛇屋敷2-2,,39.694064000000054,141.12658699999997,019-659-3338,,,,火水木金土日,,,,,,http://www.city.morioka.iwate.jp/shisetsu/bunka/kinenkan/1006823.html,,歴史文化課
032018,0000000184,岩手県盛岡市,遺跡の学び館,イセキノマナビカン,,,岩手県盛岡市本宮字荒屋13-1,,39.692084,141.12852599999994,019-635-6600,,,,火水木金土日,,,,,,http://www.city.morioka.iwate.jp/shisetsu/bunka/kinenkan/1006832.html,,歴史文化課
032018,0000000185,岩手県盛岡市,都南歴史民俗資料館,トナンレキシミンゾクシリョウカン,,,岩手県盛岡市湯沢1-1-38,,39.64128300000003,141.082491,019-638-7228,,,,火水木金土日,,,,,,http://www.city.morioka.iwate.jp/shisetsu/bunka/kinenkan/1006827.html,,歴史文化課
032018,0000000186,岩手県盛岡市,玉山歴史民俗資料館,タマヤマレキシミンゾクシリョウカン,,,岩手県盛岡市渋民字渋民9,,39.846069076931556,141.17126032669717,019-683-2315,,,,火水木金土日,,,,,,https://www.city.morioka.iwate.jp/shisetsu/bunka/kinenkan/1006825.html,,歴史文化課
032018,0000000187,岩手県盛岡市,石川啄木記念館,イシカワタクボクキネンカン,,,岩手県盛岡市渋民字渋民9,,39.846072000000056,141.17117799999997,019-683-2315,,,,火水木金土日,,,,,,http://www.city.morioka.iwate.jp/shisetsu/bunka/kinenkan/1006825.html,,歴史文化課
032018,0000000188,岩手県盛岡市,盛岡市立図書館,モリオカシリツトショカン,,,岩手県盛岡市高松1-9-45,,39.720834000000039,141.14170299999995,019-661-4343,,,,火水木金土日,,,,,,https://www.city.morioka.iwate.jp/kosodate/tosho/index.html,,生涯学習課
032018,0000000189,岩手県盛岡市,盛岡市都南図書館,モリオカシトナントショカン,,,岩手県盛岡市永井24-90-2,,39.653305000000067,141.15479799999994,019-637-3636,,,,火水木金土日,,,,,,https://www.city.morioka.iwate.jp/kosodate/tosho/index.html,,生涯学習課
032018,0000000190,岩手県盛岡市,盛岡市渋民図書館,モリオカシシブタミトショカン,,,岩手県盛岡市渋民字鶴塚55,,39.849366000000039,141.16997599999996,019-683-2167,,,,火水木金土日,,,,,,https://www.city.morioka.iwate.jp/kosodate/tosho/index.html,,生涯学習課
032018,0000000191,岩手県盛岡市,盛岡市余熱利用健康増進センター,モリオカシヨネツリヨウケンコウゾウシンセンター,ゆぴあす,,岩手県盛岡市上田字小鳥沢148-103,,39.764524000000094,141.18229499999993,019-662-1414,,6400005002227,特定非営利活動法人盛岡市水泳協会,月火水木金土日,10：00,プール 20:30、浴場 20:00,,,,http://www.yupiasu.com/,,クリーンセンター
032018,0000000192,岩手県盛岡市,外山森林公園,ソトヤマシンリンコウエン,,,岩手県盛岡市薮川字大の平31-1,,39.775280000000137,141.2789869999998,019-681-5132,,,盛岡広域森林組合,月水木金土日,9:00,17:00,開園期間は4/29～11/15。火曜日が祝日の時はその翌々日休園。7/1～8/31は無休。9/1～11/15は16時まで。,,,http://www.f-morioka.jp/park/index.html,,林政課
032018,0000000193,岩手県盛岡市,都南つどいの森,トナンツドイノモリ,,,岩手県盛岡市湯沢1-88,,39.640576000000017,141.082911,019-638-2270,,,公益財団法人　盛岡市都南自治振興公社,月水木金土日,8:30,17:00,通年開園。12/28～1/4は休園。4/1及び4/29～10/31は無休。,,,http://park20.wakwak.com/~tudoi/index.html,,林政課
032018,0000000194,岩手県盛岡市,岩洞湖家族旅行村休憩舎及びテニスコート,ガンドウコカゾクリョコウムラキュウケイシャオヨビテニスコート,,,岩手県盛岡市薮川字亀橋33-4,,39.828981000000311,141.34509499999956,019-681-5235,,,,月火水木金土日,,,,,,,,産業振興課
032018,0000000195,岩手県盛岡市,盛岡市営野球場,シエイヤキュウジョウ,,,岩手県盛岡市東新庄1-8-1,,39.699467000000034,141.17101099999994,019-622-1725,,,,月火水木金土日,,,,,,https://morioka-sport.or.jp/facility/yakyujo/,,スポーツ推進課
032018,0000000196,岩手県盛岡市,盛岡市太田橋野球場,オオタバシヤキュウジョウ,,,岩手県盛岡市下厨川字稲荷向9,,39.704162999999987,141.11719399999996,019-652-8855,,,,月火水木金土日,,,,,,https://morioka-sport.or.jp/facility/ootabashi/,,スポーツ推進課
032018,0000000197,岩手県盛岡市,盛岡市立玉山運動場,タマヤマウンドウジョウ,,,岩手県盛岡市日戸字鷹高50-3,,39.794482000000087,141.19015299999992,019-683-1636,,,,月火水木金土日,,,,,,https://morioka-sport.or.jp/facility/tamayama/,,スポーツ推進課
032018,0000000198,岩手県盛岡市,盛岡市立総合プール,モリオカシリツソウゴウプール,,,岩手県盛岡市本宮5-3-1,,39.690674000000051,141.12272600000003,019-634-0450,,,,月火水木金土日,,,,,,https://morioka-sport.or.jp/facility/sougou/,,スポーツ推進課
032018,0000000199,岩手県盛岡市,盛岡市立綱取スポーツセンター,ツナトリスポーツセンター,,,岩手県盛岡市浅岸字綱取34-251,,39.71884500000013,141.20752899999988,019-651-9178,,,,月火水木金土日,,,,,,https://morioka-sport.or.jp/facility/tsunatori/,,スポーツ推進課
032018,0000000200,岩手県盛岡市,盛岡市立太田テニスコート,オオタテニスコート,,,岩手県盛岡市上太田穴口4-3,,39.689922000000038,141.053639,019-658-0113,,,,月火水木金土日,,,,,,https://morioka-sport.or.jp/facility/oota-tennis/,,スポーツ推進課
032018,0000000201,岩手県盛岡市,盛岡市立松園テニスコート,マツゾノテニスコート,,,岩手県盛岡市西松園3-19-4,,39.757020000000018,141.16131499999992,019-662-8778,,,,月火水木金土日,,,,,,http://matsuspo.net/kanri/,,スポーツ推進課
032018,0000000202,岩手県盛岡市,盛岡市立東中野運動広場,ヒガシナカノウンドウヒロバ,,,岩手県盛岡市東中野字立石8-11,,39.684962000000041,141.173265,019-652-8778,,,,月火水木金土日,,,,,,https://tenichalle.jimdo.com/%E6%9D%B1%E4%B8%AD%E9%87%8E%E9%81%8B%E5%8B%95%E5%BA%83%E5%A0%B4/,,スポーツ推進課
032018,0000000203,岩手県盛岡市,盛岡市立好摩テニスコート,コウマテニスコート,,,岩手県盛岡市好摩字野中69-49,,39.876907195877287,141.16796012916583,019-682-0055,,,,月火水木金土日,,,,,,http://www.city.morioka.iwate.jp/shisetsu/sports/sports/1006898.html,,スポーツ推進課
032018,0000000204,岩手県盛岡市,盛岡市立好摩相撲場,コウマスモウジョウ,,,岩手県盛岡市好摩字野中69-49,,39.877533543527392,141.16787764464149,019-682-0055,,,,月火水木金土日,,,,,,http://www.city.morioka.iwate.jp/shisetsu/sports/sports/1006905.html,,スポーツ推進課
032018,0000000205,岩手県盛岡市,盛岡南公園球技場,モリオカミナミコウエンキュウギジョウ,,,岩手県盛岡市永井8-65,,39.648654000000029,141.13781600000002,019-632-3344,,,,月火水木金土日,,,,,,https://morioka-sport.or.jp/facility/minami/,,スポーツ推進課
032018,0000000206,岩手県盛岡市,盛岡市立乙部運動広場,オトベウンドウヒロバ,,,岩手県盛岡市乙部28-34-2,,39.606678515840464,141.20006175887082,019-696-1125,,,,月火水木金土日,,,,,,http://www.morioka-fukushi.jp/shisetsu/otoberou/,,スポーツ推進課
032018,0000000207,岩手県盛岡市,盛岡市渋民運動公園野球場,シブタミウンドウコウエンヤキュウジョウ,,,岩手県盛岡市川崎字川崎2-1,,39.851489000000043,141.165597,019-683-1636,,,,火水木金土日,,,,,,https://morioka-sport.or.jp/facility/shibutami/,,スポーツ推進課
032018,0000000208,岩手県盛岡市,盛岡市渋民運動公園陸上競技場,シブタミウンドウコウエンリクジョウキョウギジョウ,,,岩手県盛岡市川崎字川崎2-1,,39.851110000000013,141.1664899999999,019-683-1636,,,,火水木金土日,,,,,,https://morioka-sport.or.jp/facility/shibutami/,,スポーツ推進課
032018,0000000209,岩手県盛岡市,盛岡市渋民運動公園屋内相撲場,シブタミウンドウコウエンオクナイスモウジョウ,,,岩手県盛岡市川崎字川崎2-1,,39.850514000000096,141.16648099999992,019-683-1636,,,,火水木金土日,,,,,,https://morioka-sport.or.jp/facility/shibutami/,,スポーツ推進課
032018,0000000210,岩手県盛岡市,盛岡市渋民運動公園Ｂ＆Ｇ海洋センタープール,シブタミウンドウコウエンビーアンドジーカイヨウセンタープール,,,岩手県盛岡市下田字下田108-1,,39.8497420000001,141.16471099999995,019-683-1636,,,,火水木金土日,,,,,,https://morioka-sport.or.jp/facility/shibutami/,,スポーツ推進課
032018,0000000211,岩手県盛岡市,盛岡市立生出スキー場,オイデスキージョウ,,,岩手県盛岡市下田字生出1350,,39.87633000000006,141.13394999999997,019-683-1636,,,,月火水木金土日,,,,,,https://morioka-sport.or.jp/facility/oide-ski/,,スポーツ推進課
032018,0000000212,岩手県盛岡市,盛岡市都南中央公園プール,トナンチュウオウコウエンプール,,,岩手県盛岡市永井24-3-2,,39.650690000000061,141.15555299999994,019-634-0450,,,,月火水木金土日,,,,,,https://morioka-sport.or.jp/facility/tonan/,,スポーツ推進課
032018,0000000213,岩手県盛岡市,盛岡市立つなぎ多目的運動場,ツナギタモクテキウンドウジョウ,,,岩手県盛岡市繋字除キ32-2,,39.667544211026986,141.00054092128605,019-689-2933,,,,月火水木金土日,,,,,,http://tsunagi-sports.com/ground/,,スポーツ推進課
032018,0000000215,岩手県盛岡市,玉山健康増進センター,タマヤマケンコウゾウシンセンター,,,岩手県盛岡市日戸字鷹高50-4,,39.794691000000043,141.19216399999996,019-685-2111,,,,月火水木金土日,,,,,,,,産業振興課
032018,0000000216,岩手県盛岡市,盛岡体育館,モリオカタイイクカン,,,岩手県盛岡市上田3-17-60,,39.718933,141.13678999999993,019-652-8855,,,,月火水木金土日,,,,,,https://morioka-sport.or.jp/facility/moritai/,,スポーツ推進課
032018,0000000217,岩手県盛岡市,盛岡市弓道場,モリオカシキュウドウジョウ,,,岩手県盛岡市加賀野4-18-27,,39.709531000000034,141.170194,019-654-6801,,,,月火水木金土日,,,,,,https://morioka-sport.or.jp/facility/kyudojo/,,スポーツ推進課
032018,0000000218,岩手県盛岡市,盛岡市立武道館,モリオカシリツブドウカン,,,岩手県盛岡市住吉町3-12,,39.703437000000079,141.1627,019-654-6801,,,,月火水木金土日,,,,,,https://morioka-sport.or.jp/facility/budokan/,,スポーツ推進課
032018,0000000219,岩手県盛岡市,盛岡市屋内ゲートボール場,オクナイゲートボールジョウ,,,岩手県盛岡市前九年3-9-37,,39.717471414882965,141.12087273798093,019-641-8484,,,,月火水木金土日,,,,,,http://www.morioka-21net.com/comispo-hk/page04-okunai-gateball.htm,,スポーツ推進課
032018,0000000220,岩手県盛岡市,盛岡市総合アリーナ,モリオカシソウゴウアリーナ,,,岩手県盛岡市本宮5-4-1,,39.691121000000038,141.12041199999996,019-658-1212,,,,月火水木金土日,,,,,,https://morioka-sport.or.jp/facility/arena/,,スポーツ推進課
032018,0000000221,岩手県盛岡市,盛岡市アイスリンク,モリオカシアイスリンク,,,岩手県盛岡市本宮5-3-3,,39.691441000000005,141.12206000000003,019-601-5001,,,,月火水木金土日,,,,,,https://morioka-sport.or.jp/facility/icerink/,,スポーツ推進課
032018,0000000222,岩手県盛岡市,盛岡市都南体育館,トナンタイイクカン,,,岩手県盛岡市津志田14-19-1,,39.654812000000049,141.160677,019-637-2219,,,,月火水木金土日,,,,,,http://www.city.morioka.iwate.jp/shisetsu/sports/gim/1006877.html,,スポーツ推進課
032018,0000000223,岩手県盛岡市,盛岡市飯岡体育館,イイオカタイイクカン,,,岩手県盛岡市下飯岡8-86,,39.665977,141.124105,019-638-4107,,,,月火水木金土日,,,,,,http://www.city.morioka.iwate.jp/shisetsu/sports/gim/1006878.html,,スポーツ推進課
032018,0000000224,岩手県盛岡市,盛岡市乙部体育館,オトベタイイクカン,,,岩手県盛岡市乙部6-79-1,,39.616364000000083,141.1930999999999,019-696-2129,,,,月火水木金土日,,,,,,http://www.city.morioka.iwate.jp/shisetsu/sports/gim/1006879.html,,スポーツ推進課
032018,0000000225,岩手県盛岡市,盛岡市好摩体育館,コウマタイイクカン,,,岩手県盛岡市好摩字野中69-48,,39.877470000000038,141.16729399999997,019-682-0055,,,,月火水木金土日,,,,,,http://www.city.morioka.iwate.jp/shisetsu/sports/gim/1006881.html,,スポーツ推進課
032018,0000000226,岩手県盛岡市,盛岡市渋民運動公園総合体育館,シブタミウンドウコウエンソウゴウタイイクカン,,,岩手県盛岡市川崎字川崎1-1,,39.850514000000032,141.16576899999995,019-683-1636,,,,火水木金土日,,,,,,https://morioka-sport.or.jp/facility/shibutami/,,スポーツ推進課
032018,0000000227,岩手県盛岡市,盛岡市渋民運動公園総合体育館,シブタミウンドウコウエンソウゴウタイイクカン,,,岩手県盛岡市川崎字川崎1-1,,39.850514000000032,141.16576899999995,019-683-1636,,,,火水木金土日,,,,,,http://www.morioka-taikyo.or.jp/shisetsu/mitsugi%20shibutami%20sports%20park.html,,スポーツ推進課
032018,0000000229,岩手県盛岡市,総合交流ターミナル,ソウゴウコウリュウターミナル,ユートランド姫神,,岩手県盛岡市下田字生出893-11,,39.859226000000035,141.11292999999998,019-683-3215,,,,月火水木金土日,,,,詳細は施設に確認,,http://yutoland-himekami.com/,,産業振興課
032018,0000000230,岩手県盛岡市,盛岡市立区界高原少年自然の家,モリオカシリツクザカイコウゲンショウネンシゼンノイエ,,,岩手県宮古市区界２-111,,39.654909000000295,141.35563699999952,0193-77-2048,,,,火水木金土日,,,,,,https://www.city.morioka.iwate.jp/kankou/taiken/kuzakai/index.html,,生涯学習課
032018,0000000231,岩手県盛岡市,盛岡市斎場やすらぎの丘,モリオカシサイジョウヤスラギノオカ,,,岩手県盛岡市三ツ割字寺山46-4,,39.713152000000036,141.15828899999991,019-601-5046,,,,月火水木金土日,,,,,,http://www.kozukata-yasuragi.jp/,休場日：毎月第2日曜日，12月31日から翌年の1月2日,市民登録課
032018,0000000232,岩手県盛岡市,新庄墓園,シンジョウボエン,,,岩手県盛岡市新庄字上八木田6,,39.689326000000072,141.20624999999993,019-651-4023,,,,月火水木金土日,,,,,,http://www.city.morioka.iwate.jp/kurashi/kokyoshisetsu/sonota/boen/1000930.html,,企画総務課
032018,0000000233,岩手県盛岡市,青山墓園,アオヤマボエン,,,岩手県盛岡市みたけ1-2-1,,39.732435999999979,141.11947899999996,019-603-8301,,,,月火水木金土日,,,,,,http://www.city.morioka.iwate.jp/kurashi/kokyoshisetsu/sonota/boen/1000931.html,,企画総務課
032018,0000000234,岩手県盛岡市,もりおか啄木・賢治青春館,モリオカタクボク・ケンジセイシュンカン,,,岩手県盛岡市中ノ橋通1-1-25,,39.699901000000047,141.15441899999996,019-604-8900,,,,月火水木金土日,,,,,,http://www.odette.or.jp/seishunkan/,,観光課
032018,0000000235,岩手県盛岡市,もりおか町家物語館,モリオカマチヤモノガタリカン,,,岩手県盛岡市鉈屋町10-8,,39.691535000000059,141.157746,019-654-2911,,,,月火水木金土日,,,,,,http://machiya.iwate-arts.jp/,,観光課
032018,0000000236,岩手県盛岡市,啄木新婚の家,タクボクシンコンノイエ,,,岩手県盛岡市中央通3-17-18,,39.706506000000026,141.14152299999992,019-624-2193,,,,月水木金土日,,,,,,http://www.city.morioka.iwate.jp/shisetsu/kotsu/kanko/1006984.html,,観光課
032018,0000000237,岩手県盛岡市,古川墓園,フルカワボエン,,,岩手県盛岡市下田字古河川原320-45,,39.871480000000012,141.14780999999994,,,,,月火水木金土日,,,,,,http://www.city.morioka.iwate.jp/kurashi/kokyoshisetsu/sonota/boen/1000933.html,,税務住民課
032018,0000000238,岩手県盛岡市,前田地区コミュニティセンター,マエダチクコミュニティセンター,,,岩手県盛岡市玉山馬場字芦名沢63－6,,39.875556000000074,141.20560299999991,019-683-2116,,,,月火水木金土日,,,,,,,,玉山総務課
032018,0000000239,岩手県盛岡市,みたけ老人福祉センター,ミタケロウジンフクシセンター,,,岩手県盛岡市みたけ3-13-23,,39.738237006633852,141.11475052816172,019-641-2022,,,,月火水木金土日,,,,,,https://www.city.morioka.iwate.jp/shisetsu/fukushi/roujin/1020246.html,H29.6~,長寿社会課
032018,0000000240,岩手県盛岡市,愛宕山老人福祉センター,アタゴヤマロウジンフクシセンター,,,岩手県盛岡市愛宕町14-1,,39.710776641269511,141.16204637488727,019-624-2208,,,,火水木金土日,,,,,,https://www.city.morioka.iwate.jp/kenkou/shogai/barrierfree/1006044/1006045/1006052.html,,長寿社会課
032018,0000000241,岩手県盛岡市,盛岡駅西口地区駐車場,モリオカエキニシグチチクチュウシャジョウ,,,岩手県盛岡市盛岡駅西通1-1-5,,39.703171403877761,141.13311566951762,019-621-5107,,,,月火水木金土日,,,,,,http://moriokacityparking.com/,,都市計画課
032018,0000000244,岩手県盛岡市,サクラパーク姫神,サクラパークヒメカミ,,,岩手県盛岡市日戸字姥懐36番地64,,39.802765643736592,141.2442043002923,,,,,月火水木金土日,,,冬季（12月１日～３月31日）閉鎖,,,https://www.city.morioka.iwate.jp/shisetsu/sports/koen/1028289.html,,産業振興課
032018,0000000245,岩手県盛岡市,山谷川目牧野,ヤマヤカワメボクヤ,,,岩手県盛岡市玉山字大平1番地10,,39.81750867706868,141.25204381314597,019-685-2259,,,,月火水木金土日,,,冬季閉鎖,,,,,産業振興課
032018,0000000246,岩手県盛岡市,姫神実験牧場,ヒメカミジッケンボクジョウ,,,,,39.82563330836939,141.26007405388927,019-685-2259,,,,月火水木金土日,,,冬季閉鎖,,,,,産業振興課
032018,0000000247,岩手県盛岡市,高木牧場,タカギボクジョウ,,,岩手県盛岡市玉山馬場字前田33番地157,,39.857824732371753,141.23229992736108,,,,,月火水木金土日,,,,,,,,産業振興課
032018,0000000248,岩手県盛岡市,ひめかみ有機センター,ヒメカミユウキセンター,盛岡市有機物資源活用施設,,岩手県盛岡市玉山字小田沢3番地43,,39.829235554632191,141.22302286507244,019-683-3855,,,,月火水木金,9:00,16:00,祝日除く,,,https://www.city.morioka.iwate.jp/shisetsu/shikanren/etc/1006783.html,,産業振興課
032018,0000000249,岩手県盛岡市,盛岡市役所盛岡駅西口サービスセンター,モリオカシヤクショモリオカエキニシグチサービスセンター,,,盛岡市盛岡駅西通二丁目9-1,マリオス1階,39.700940075848855,141.13333462628719,019-621-5105,,,,月火水木金,,,,,,https://www.city.morioka.iwate.jp/shisetsu/shikanren/shiyakusho/1006776.html,,市民登録課
032018,0000000250,岩手県盛岡市,盛岡市役所松園連絡所,モリオカシヤクショマツゾノレンラクショ,,,盛岡市東松園二丁目5-3,,39.75598753129082,141.16396844364473,019-661-9298,,,,月火水木金,,,,,,https://www.city.morioka.iwate.jp/shisetsu/shikanren/shiyakusho/1006775.html,,市民登録課
